user_id,duration_text,condition_text,threshold_text,accuracy,resptime,missnumber,gaze_entropy_raw,gaze_entropy_limit,q1,q2,q3,q4,q5,q6,accuracy_norm,resptime_norm,missnumber_norm,gaze_entropy_raw_norm,gaze_entropy_limit_norm,q1_norm,q2_norm,q3_norm,q4_norm,q5_norm,q6_norm
1,short,with distraction,none,1.0,1.0553877694266185,3,0.36,0.36,4.0,4.0,1.0,1.0,1.0,1.0,0.3015113445777627,-0.001878155602406475,2.9968831160415577,0.8544226254106849,0.8544226254106849,-0.16903085094570316,-0.3325800367019057,-0.5080005080007621,-0.8392543274162825,-1.260252075625209,-1.1669199319831562
1,short,with distraction,static,1.0,1.1440714597702026,0,0.37,0.37,2.0,3.0,4.0,1.0,4.0,2.0,0.3015113445777627,0.4320022137508028,-0.4833682445228319,0.9612254535870207,0.9612254535870207,-1.183215956619923,-0.9027172424766016,1.7780017780026671,-0.8392543274162825,0.0,-0.7293249574894727
1,short,with distraction,filtered,1.0,1.2991404268476698,1,0.11,0.11,7.0,7.0,1.0,7.0,7.0,6.0,0.3015113445777627,1.1906691168772536,0.6767155423319645,-1.8156480789977067,-1.8156480789977067,1.3522468075656267,1.3778315806221817,-0.5080005080007621,1.3987572123604708,1.260252075625209,1.0210549404852618
1,short,no distraction,none,1.0,0.9100568294525146,0,0.36,0.36,4.0,4.0,1.0,1.0,1.0,1.0,0.3015113445777627,-0.712902264659175,-0.4833682445228319,0.8544226254106849,0.8544226254106849,-0.16903085094570316,-0.3325800367019057,-0.5080005080007621,-0.8392543274162825,-1.260252075625209,-1.1669199319831562
1,short,no distraction,static,0.9,0.7883159637451171,0,0.32,0.32,2.0,4.0,5.0,1.0,5.0,3.0,-3.3166247903554016,-1.308513155160716,-0.4833682445228319,0.42721131270534246,0.42721131270534246,-1.183215956619923,-0.3325800367019057,2.5400025400038104,-0.8392543274162825,0.42008402520840293,-0.291729982995789
1,short,no distraction,filtered,1.0,0.7856826782226562,0,0.28,0.28,7.0,7.0,1.0,7.0,6.0,7.0,0.3015113445777627,-1.3213963684175316,-0.4833682445228319,0.0,0.0,1.3522468075656267,1.3778315806221817,-0.5080005080007621,1.3987572123604708,0.8401680504168059,1.4586499149789456
1,long,with distraction,none,1.0,1.4002676248550414,0,0.1,0.1,4.0,4.0,1.0,1.0,1.0,1.0,0.3015113445777627,1.6854287040471374,-0.4833682445228319,-1.9224509071740423,-1.9224509071740423,-0.16903085094570316,-0.3325800367019057,-0.5080005080007621,-0.8392543274162825,-1.260252075625209,-1.1669199319831562
1,long,with distraction,static,1.0,1.1752230644226074,0,0.3,0.3,6.0,6.0,1.0,6.0,6.0,5.0,0.3015113445777627,0.5844098287267434,-0.4833682445228319,0.21360565635267095,0.21360565635267095,0.8451542547285167,0.807694374847486,-0.5080005080007621,1.025755289064345,0.8401680504168059,0.5834599659915782
1,long,with distraction,filtered,1.0,1.0517164945602415,0,0.2,0.2,6.0,6.0,1.0,6.0,6.0,6.0,0.3015113445777627,-0.019839678052019256,-0.4833682445228319,-0.8544226254106856,-0.8544226254106856,0.8451542547285167,0.807694374847486,-0.5080005080007621,1.025755289064345,0.8401680504168059,1.0210549404852618
1,long,no distraction,none,1.0,1.3151596307754516,0,0.37,0.37,1.0,1.0,1.0,1.0,1.0,1.0,0.3015113445777627,1.2690422437735587,-0.4833682445228319,0.9612254535870207,0.9612254535870207,-1.690308509457033,-2.042991654025993,-0.5080005080007621,-0.8392543274162825,-1.260252075625209,-1.1669199319831562
1,long,no distraction,static,1.0,0.8509555657704672,1,0.35,0.35,3.0,3.0,2.0,1.0,3.0,6.0,0.3015113445777627,-1.0020521412177719,0.6767155423319645,0.7476197972343491,0.7476197972343491,-0.6761234037828131,-0.9027172424766016,0.254000254000381,-0.8392543274162825,-0.42008402520840293,1.0210549404852618
1,long,no distraction,filtered,1.0,0.8932823896408081,0,0.24,0.24,6.0,6.0,1.0,6.0,7.0,5.0,0.3015113445777627,-0.7949703440658746,-0.4833682445228319,-0.42721131270534307,-0.42721131270534307,0.8451542547285167,0.807694374847486,-0.5080005080007621,1.025755289064345,1.260252075625209,0.5834599659915782
2,short,with distraction,none,0.9,0.862287950515747,0,0.33,0.33,4.0,4.0,1.0,1.0,1.0,1.0,-2.236067977499791,0.14261988076553136,-0.6546536707079771,0.2357022603955167,0.2357022603955167,-1.6045149064768398,-1.1457431093955015,-0.6509445549041195,-1.896244889472629,-1.6059101370939322,-2.7106873827419715
2,short,with distraction,static,0.9,0.8499290466308593,0,0.37,0.37,7.0,7.0,1.0,4.0,3.0,4.0,-2.236067977499791,0.04691442970494388,-0.6546536707079771,0.7071067811865481,0.7071067811865481,1.021054940485262,1.0251385715643966,-0.6509445549041195,0.7293249574894728,0.22941573387056174,1.042572070285374
2,short,with distraction,filtered,1.0,0.862930006451077,1,0.35,0.35,7.0,7.0,1.0,2.0,2.0,3.0,0.44721359549995643,0.14759186318963768,0.6546536707079771,0.47140452079103207,0.47140452079103207,1.021054940485262,1.0251385715643966,-0.6509445549041195,-1.0210549404852616,-0.6882472016116852,-0.20851441405707458
2,short,no distraction,none,1.0,0.6829388856887817,0,0.35,0.35,7.0,7.0,1.0,3.0,4.0,4.0,0.44721359549995643,-1.2462316959141782,-0.6546536707079771,0.47140452079103207,0.47140452079103207,1.021054940485262,1.0251385715643966,-0.6509445549041195,-0.14586499149789442,1.1470786693528088,1.042572070285374
2,short,no distraction,static,1.0,0.6586525201797485,0,0.37,0.37,7.0,7.0,1.0,3.0,2.0,3.0,0.44721359549995643,-1.4343015755178607,-0.6546536707079771,0.7071067811865481,0.7071067811865481,1.021054940485262,1.0251385715643966,-0.6509445549041195,-0.14586499149789442,-0.6882472016116852,-0.20851441405707458
2,short,no distraction,filtered,1.0,0.6707865476608277,0,0.36,0.36,7.0,7.0,1.0,3.0,4.0,4.0,0.44721359549995643,-1.3403375327455678,-0.6546536707079771,0.5892556509887901,0.5892556509887901,1.021054940485262,1.0251385715643966,-0.6509445549041195,-0.14586499149789442,1.1470786693528088,1.042572070285374
2,long,with distraction,none,1.0,1.0636497020721436,0,0.27,0.27,5.0,3.0,1.0,3.0,2.0,3.0,0.44721359549995643,1.7019343182392075,-0.6546536707079771,-0.4714045207910308,-0.4714045207910308,-0.7293249574894725,-1.8693703363821341,-0.6509445549041195,-0.14586499149789442,-0.6882472016116852,-0.20851441405707458
2,long,with distraction,static,1.0,1.0474905967712402,2,0.36,0.36,5.0,5.0,3.0,5.0,2.0,3.0,0.44721359549995643,1.5768006918300286,1.9639610121239313,0.5892556509887901,0.5892556509887901,-0.7293249574894725,-0.4221158824088688,2.4735893086356535,1.60451490647684,-0.6882472016116852,-0.20851441405707458
2,long,with distraction,filtered,1.0,0.9701223969459534,2,0.36,0.36,6.0,6.0,2.0,5.0,5.0,4.0,0.44721359549995643,0.9776732505138985,1.9639610121239313,0.5892556509887901,0.5892556509887901,0.1458649914978948,0.30151134457776385,0.911322376865767,1.60451490647684,2.0647416048350555,1.042572070285374
2,long,no distraction,none,1.0,0.788764238357544,0,0.34,0.34,6.0,5.0,1.0,4.0,3.0,3.0,0.44721359549995643,-0.42673643928433264,-0.6546536707079771,0.35355339059327473,0.35355339059327473,0.1458649914978948,-0.4221158824088688,-0.6509445549041195,0.7293249574894728,0.22941573387056174,-0.20851441405707458
2,long,no distraction,static,1.0,0.8224110338422987,1,0.11,0.11,4.0,4.0,2.0,2.0,2.0,3.0,0.44721359549995643,-0.16618082944992066,0.6546536707079771,-2.3570226039551576,-2.3570226039551576,-1.6045149064768398,-1.1457431093955015,0.911322376865767,-1.0210549404852616,-0.6882472016116852,-0.20851441405707458
2,long,no distraction,filtered,1.0,0.8464862108230591,0,0.15,0.15,5.0,5.0,2.0,3.0,3.0,3.0,0.44721359549995643,0.02025363866861494,-0.6546536707079771,-1.885618083164126,-1.885618083164126,-0.7293249574894725,-0.4221158824088688,0.911322376865767,-0.14586499149789442,0.22941573387056174,-0.20851441405707458
3,short,with distraction,none,0.9,0.7812613010406494,0,0.33,0.33,4.0,4.0,1.0,1.0,1.0,1.0,-3.3166247903554016,0.6779788247998391,-0.4472135954999579,0.7716385696824766,0.7716385696824766,0.0,-0.3015113445777625,0.0,-0.4472135954999582,0.0,0.0
3,short,with distraction,static,1.0,0.708101749420166,0,0.21,0.21,4.0,4.0,1.0,1.0,1.0,1.0,0.3015113445777627,0.0970758669859455,-0.4472135954999579,-0.6001633319752586,-0.6001633319752586,0.0,-0.3015113445777625,0.0,-0.4472135954999582,0.0,0.0
3,short,with distraction,filtered,1.0,0.632118034362793,0,0.14,0.14,4.0,4.0,1.0,1.0,1.0,1.0,0.3015113445777627,-0.5062515707147235,-0.4472135954999579,-1.4003811079422703,-1.4003811079422703,0.0,-0.3015113445777625,0.0,-0.4472135954999582,0.0,0.0
3,short,no distraction,none,1.0,0.5336174249649048,0,0.24,0.24,4.0,4.0,1.0,1.0,1.0,1.0,0.3015113445777627,-1.288368110227301,-0.4472135954999579,-0.2572128565608249,-0.2572128565608249,0.0,-0.3015113445777625,0.0,-0.4472135954999582,0.0,0.0
3,short,no distraction,static,1.0,0.5679715871810913,0,0.35,0.35,4.0,4.0,1.0,1.0,1.0,1.0,0.3015113445777627,-1.0155884935871469,-0.4472135954999579,1.0002722199587653,1.0002722199587653,0.0,-0.3015113445777625,0.0,-0.4472135954999582,0.0,0.0
3,short,no distraction,filtered,1.0,0.5029661655426025,0,0.29,0.29,4.0,4.0,1.0,1.0,1.0,1.0,0.3015113445777627,-1.5317458628890763,-0.4472135954999579,0.3143712691298979,0.3143712691298979,0.0,-0.3015113445777625,0.0,-0.4472135954999582,0.0,0.0
3,long,with distraction,none,1.0,0.8845011472702027,0,0.21,0.21,4.0,4.0,1.0,1.0,1.0,1.0,0.3015113445777627,1.4977259488678858,-0.4472135954999579,-0.6001633319752586,-0.6001633319752586,0.0,-0.3015113445777625,0.0,-0.4472135954999582,0.0,0.0
3,long,with distraction,static,1.0,0.8142235994338989,0,0.36,0.36,4.0,4.0,1.0,1.0,1.0,1.0,0.3015113445777627,0.9397067360411883,-0.4472135954999579,1.11458904509691,1.11458904509691,0.0,-0.3015113445777625,0.0,-0.4472135954999582,0.0,0.0
3,long,with distraction,filtered,1.0,0.9002358675003052,0,0.32,0.32,4.0,4.0,1.0,2.0,1.0,1.0,0.3015113445777627,1.6226630940469098,-0.4472135954999579,0.6573217445443319,0.6573217445443319,0.0,-0.3015113445777625,0.0,2.23606797749979,0.0,0.0
3,long,no distraction,none,1.0,0.6509113311767578,1,0.28,0.28,4.0,4.0,1.0,1.0,1.0,1.0,0.3015113445777627,-0.3570286536178671,2.23606797749979,0.20005444399175382,0.20005444399175382,0.0,-0.3015113445777625,0.0,-0.4472135954999582,0.0,0.0
3,long,no distraction,static,1.0,0.6352932453155518,1,0.35,0.35,4.0,4.0,1.0,1.0,1.0,1.0,0.3015113445777627,-0.4810396962118704,2.23606797749979,1.0002722199587653,1.0002722199587653,0.0,-0.3015113445777625,0.0,-0.4472135954999582,0.0,0.0
3,long,no distraction,filtered,1.0,0.7393094539642334,0,0.07,0.07,4.0,5.0,1.0,2.0,1.0,1.0,0.3015113445777627,0.34487191650622634,-0.4472135954999579,-2.2005988839092825,-2.2005988839092825,0.0,3.3166247903554007,0.0,2.23606797749979,0.0,0.0
4,short,with distraction,none,1.0,0.7495945692062378,0,0.33,0.33,4.0,4.0,1.0,1.0,1.0,1.0,0.0,0.3003844941480425,0.0,0.4528391448839652,0.4528391448839652,-0.5710915448162817,-0.6978765652235245,-0.6030226891555274,-1.0741723110591492,-0.9258200997725514,-0.7071067811865474
4,short,with distraction,static,1.0,0.7489425659179687,0,0.37,0.37,7.0,7.0,1.0,2.0,2.0,1.0,0.0,0.29482051374686036,0.0,0.8553628292252671,0.8553628292252671,1.2979353291279123,1.2347046923185439,-0.6030226891555274,-0.21483446221182986,0.0,-0.7071067811865474
4,short,with distraction,filtered,1.0,0.7539700746536255,0,0.07,0.07,6.0,7.0,2.0,3.0,2.0,1.0,0.0,0.3377236103650205,0.0,-2.163564803334498,-2.163564803334498,0.6749263711465143,1.2347046923185439,0.3015113445777636,0.6445033866354896,0.0,-0.7071067811865474
4,short,no distraction,none,1.0,0.586522912979126,0,0.37,0.37,4.0,4.0,1.0,1.0,1.0,1.0,0.0,-1.0912150814380037,0.0,0.8553628292252671,0.8553628292252671,-0.5710915448162817,-0.6978765652235245,-0.6030226891555274,-1.0741723110591492,-0.9258200997725514,-0.7071067811865474
4,short,no distraction,static,1.0,0.5380558013916016,0,0.37,0.37,7.0,7.0,2.0,3.0,2.0,2.0,0.0,-1.50481738042457,0.0,0.8553628292252671,0.8553628292252671,1.2979353291279123,1.2347046923185439,0.3015113445777636,0.6445033866354896,0.0,1.4142135623730951
4,short,no distraction,filtered,1.0,0.571433162689209,0,0.34,0.34,7.0,7.0,1.0,3.0,2.0,1.0,0.0,-1.2199860192268643,0.0,0.5534700659692908,0.5534700659692908,1.2979353291279123,1.2347046923185439,-0.6030226891555274,0.6445033866354896,0.0,-0.7071067811865474
4,long,with distraction,none,1.0,0.8874553442001343,0,0.27,0.27,4.0,4.0,1.0,1.0,1.0,1.0,0.0,1.476842748207118,0.0,-0.15094638162798785,-0.15094638162798785,-0.5710915448162817,-0.6978765652235245,-0.6030226891555274,-1.0741723110591492,-0.9258200997725514,-0.7071067811865474
4,long,with distraction,static,1.0,0.930031943321228,0,0.35,0.35,6.0,6.0,2.0,2.0,2.0,1.0,0.0,1.8401773621899036,0.0,0.6541009870546158,0.6541009870546158,0.6749263711465143,0.5905109398045211,0.3015113445777636,-0.21483446221182986,0.0,-0.7071067811865474
4,long,with distraction,filtered,1.0,0.8101166248321533,0,0.26,0.26,5.0,5.0,1.0,2.0,2.0,2.0,0.0,0.8168596981854717,0.0,-0.25157730271331347,-0.25157730271331347,0.05191741316511632,-0.053682812709501704,-0.6030226891555274,-0.21483446221182986,0.0,1.4142135623730951
4,long,no distraction,none,1.0,0.6592396020889282,0,0.36,0.36,4.0,4.0,1.0,1.0,1.0,1.0,0.0,-0.47067490882645413,0.0,0.7547319081399415,0.7547319081399415,-0.5710915448162817,-0.6978765652235245,-0.6030226891555274,-1.0741723110591492,-0.9258200997725514,-0.7071067811865474
4,long,no distraction,static,1.0,0.6629460573196411,0,0.11,0.11,2.0,3.0,2.0,3.0,3.0,2.0,0.0,-0.4390452458591187,0.0,-1.7610411189931965,-1.7610411189931965,-1.8171094607790779,-1.3420703177375473,0.3015113445777636,0.6445033866354896,0.9258200997725514,1.4142135623730951
4,long,no distraction,filtered,1.0,0.6744271039962768,0,0.22,0.22,3.0,3.0,5.0,5.0,5.0,2.0,0.0,-0.34106979106740126,0.0,-0.6541009870546156,-0.6541009870546156,-1.1941005027976797,-1.3420703177375473,3.015113445777636,2.3631790843301284,2.7774602993176543,1.4142135623730951
5,short,with distraction,none,1.0,0.6718093156814575,0,0.36,0.36,4.0,4.0,1.0,1.0,1.0,1.0,0.3015113445777627,0.5544877545983667,0.0,0.9326148756072995,0.9326148756072995,0.30151134457776335,0.30151134457776335,-0.44721359549995815,-0.42008402520840293,-0.44721359549995815,-0.30151134457776335
5,short,with distraction,static,1.0,0.6929635763168335,0,0.29,0.29,4.0,4.0,1.0,1.0,1.0,1.0,0.3015113445777627,0.752608740528229,0.0,0.05239409413524136,0.05239409413524136,0.30151134457776335,0.30151134457776335,-0.44721359549995815,-0.42008402520840293,-0.44721359549995815,-0.30151134457776335
5,short,with distraction,filtered,1.0,0.68097083568573,0,0.32,0.32,4.0,4.0,1.0,1.0,1.0,1.0,0.3015113445777627,0.640290298452217,0.0,0.4296315719089809,0.4296315719089809,0.30151134457776335,0.30151134457776335,-0.44721359549995815,-0.42008402520840293,-0.44721359549995815,-0.30151134457776335
5,short,no distraction,none,1.0,0.4956125497817993,0,0.25,0.25,4.0,4.0,1.0,1.0,1.0,1.0,0.3015113445777627,-1.0956893694991228,0.0,-0.45058920956307724,-0.45058920956307724,0.30151134457776335,0.30151134457776335,-0.44721359549995815,-0.42008402520840293,-0.44721359549995815,-0.30151134457776335
5,short,no distraction,static,1.0,0.4720193147659302,0,0.37,0.37,4.0,4.0,1.0,2.0,1.0,1.0,0.3015113445777627,-1.3166526573770339,0.0,1.0583607015318792,1.0583607015318792,0.30151134457776335,0.30151134457776335,-0.44721359549995815,1.260252075625209,-0.44721359549995815,-0.30151134457776335
5,short,no distraction,filtered,0.9,0.4595078229904175,0,0.35,0.35,5.0,5.0,2.0,3.0,2.0,2.0,-3.3166247903554016,-1.4338294818826702,0.0,0.8068690496827197,0.8068690496827197,2.1105794120443453,2.1105794120443453,2.2360679774997894,2.9405881764588204,2.2360679774997894,3.3166247903554003
5,long,with distraction,none,1.0,0.7184700489044189,0,0.17,0.17,4.0,4.0,1.0,1.0,1.0,1.0,0.3015113445777627,0.991490523434636,0.0,-1.4565558169597148,-1.4565558169597148,0.30151134457776335,0.30151134457776335,-0.44721359549995815,-0.42008402520840293,-0.44721359549995815,-0.30151134457776335
5,long,with distraction,static,1.0,0.7550914287567139,0,0.37,0.37,4.0,3.0,1.0,1.0,1.0,1.0,0.3015113445777627,1.3344693685716515,0.0,1.0583607015318792,1.0583607015318792,0.30151134457776335,-1.5075567228888185,-0.44721359549995815,-0.42008402520840293,-0.44721359549995815,-0.30151134457776335
5,long,with distraction,filtered,1.0,0.7529975891113281,0,0.22,0.22,3.0,4.0,1.0,1.0,1.0,1.0,0.3015113445777627,1.3148594383512993,0.0,-0.8278266873368164,-0.8278266873368164,-1.5075567228888185,0.30151134457776335,-0.44721359549995815,-0.42008402520840293,-0.44721359549995815,-0.30151134457776335
5,long,no distraction,none,1.0,0.5849441289901733,0,0.24,0.24,4.0,4.0,1.0,1.0,1.0,1.0,0.3015113445777627,-0.2590512637060146,0.0,-0.5763350354876571,-0.5763350354876571,0.30151134457776335,0.30151134457776335,-0.44721359549995815,-0.42008402520840293,-0.44721359549995815,-0.30151134457776335
5,long,no distraction,static,1.0,0.5529354333877563,0,0.36,0.36,3.0,3.0,2.0,1.0,2.0,1.0,0.3015113445777627,-0.5588298492300464,0.0,0.9326148756072995,0.9326148756072995,-1.5075567228888185,-1.5075567228888185,2.2360679774997894,-0.42008402520840293,2.2360679774997894,-0.30151134457776335
5,long,no distraction,filtered,1.0,0.5139281988143921,0,0.13,0.13,3.0,3.0,1.0,1.0,1.0,1.0,0.3015113445777627,-0.9241535022415184,0.0,-1.959539120658034,-1.959539120658034,-1.5075567228888185,-1.5075567228888185,-0.44721359549995815,-0.42008402520840293,-0.44721359549995815,-0.30151134457776335
6,short,with distraction,none,0.9,0.828978443145752,0,0.37,0.37,4.0,4.0,1.0,1.0,1.0,1.0,-3.3166247903554016,-0.0994358459790338,-0.5488212999484517,0.8980172269587697,0.8980172269587697,-0.3737175463759682,-0.08737040566610348,-1.1832159566199232,-1.3057016454950832,-1.3973122487802576,-1.3627702877384937
6,short,with distraction,static,1.0,0.8210962057113648,0,0.23,0.23,3.0,3.0,4.0,6.0,6.0,6.0,0.3015113445777627,-0.1584331668792886,-0.5488212999484517,-1.0116902936624106,-1.0116902936624106,-1.2706396576782912,-1.135815273659349,0.33806170189140655,0.8116523742266735,0.5524257727735904,0.7337993857053429
6,short,with distraction,filtered,1.0,0.8737012863159179,0,0.37,0.37,5.0,5.0,3.0,3.0,6.0,6.0,0.3015113445777627,0.23530767729662325,-0.5488212999484517,0.8980172269587697,0.8980172269587697,0.5232045649263549,0.9610744623271419,-0.1690308509457034,-0.45876003760638046,0.5524257727735904,0.7337993857053429
6,short,no distraction,none,1.0,0.694300651550293,0,0.35,0.35,4.0,4.0,1.0,1.0,1.0,1.0,0.3015113445777627,-1.1074781632823891,-0.5488212999484517,0.6252018668700294,0.6252018668700294,-0.3737175463759682,-0.08737040566610348,-1.1832159566199232,-1.3057016454950832,-1.3973122487802576,-1.3627702877384937
6,short,no distraction,static,1.0,0.7215842485427857,0,0.36,0.36,2.0,2.0,6.0,5.0,7.0,4.0,0.3015113445777627,-0.9032646844981814,-0.5488212999484517,0.7616095469143996,0.7616095469143996,-2.1675617689806144,-2.184260141652594,1.3522468075656264,0.38818157028232214,0.94237337708436,-0.10482848367219183
6,short,no distraction,filtered,1.0,0.6553515672683716,0,0.35,0.35,5.0,5.0,6.0,6.0,6.0,6.0,0.3015113445777627,-1.3990059995445594,-0.5488212999484517,0.6252018668700294,0.6252018668700294,0.5232045649263549,0.9610744623271419,1.3522468075656264,0.8116523742266735,0.5524257727735904,0.7337993857053429
6,long,with distraction,none,1.0,1.0542752146720886,2,0.3,0.3,4.0,4.0,1.0,1.0,1.0,1.0,0.3015113445777627,1.586875437863183,2.0855209398041166,-0.05683653335182065,-0.05683653335182065,-0.3737175463759682,-0.08737040566610348,-1.1832159566199232,-1.3057016454950832,-1.3973122487802576,-1.3627702877384937
6,long,with distraction,static,1.0,1.035566329956055,0,0.36,0.36,5.0,5.0,5.0,6.0,7.0,7.0,0.3015113445777627,1.4468423464388664,-0.5488212999484517,0.7616095469143996,0.7616095469143996,0.5232045649263549,0.9610744623271419,0.8451542547285165,0.8116523742266735,0.94237337708436,1.1531133203941102
6,long,with distraction,filtered,1.0,1.0632344484329224,0,0.19,0.19,6.0,5.0,3.0,6.0,6.0,6.0,0.3015113445777627,1.6539339087108578,-0.5488212999484517,-1.557321013839891,-1.557321013839891,1.420126676228678,0.9610744623271419,-0.1690308509457034,0.8116523742266735,0.5524257727735904,0.7337993857053429
6,long,no distraction,none,1.0,0.7690958380699158,2,0.25,0.25,4.0,4.0,1.0,1.0,1.0,1.0,0.3015113445777627,-0.5476478286058927,2.0855209398041166,-0.7388749335736707,-0.7388749335736707,-0.3737175463759682,-0.08737040566610348,-1.1832159566199232,-1.3057016454950832,-1.3973122487802576,-1.3627702877384937
6,long,no distraction,static,1.0,0.8056229220496284,1,0.36,0.36,6.0,5.0,6.0,7.0,7.0,6.0,0.3015113445777627,-0.27424828779782034,0.7683498199278324,0.7616095469143996,0.7616095469143996,1.420126676228678,0.9610744623271419,1.3522468075656264,1.2351231781710248,0.94237337708436,0.7337993857053429
6,long,no distraction,filtered,1.0,0.7843536615371705,0,0.16,0.16,5.0,3.0,3.0,6.0,6.0,6.0,0.3015113445777627,-0.4334453937223709,-0.5488212999484517,-1.966544053973001,-1.966544053973001,0.5232045649263549,-1.135815273659349,-0.1690308509457034,0.8116523742266735,0.5524257727735904,0.7337993857053429
7,short,with distraction,none,1.0,0.921098279953003,0,0.36,0.36,4.0,4.0,1.0,1.0,1.0,1.0,0.0,-0.6083246097495015,-0.30151134457776363,0.9755233420341523,0.9755233420341523,0.4850712500726658,0.38949041885226016,-0.6233787261925371,-0.4975185951049945,-0.8183879352825013,-0.44721359549995804
7,short,with distraction,static,1.0,1.0285696744918824,0,0.36,0.36,1.0,1.0,6.0,1.0,6.0,1.0,0.0,-0.2364611513641306,-0.30151134457776363,0.9755233420341523,0.9755233420341523,-1.697749375254331,-1.6136031638165058,1.8701361785776112,-0.4975185951049945,1.7659950182411868,-0.44721359549995804
7,short,with distraction,filtered,1.0,1.236082633336385,1,0.28,0.28,2.0,2.0,1.0,5.0,5.0,5.0,0.0,0.4815576932483464,3.3166247903554,0.029561313394974986,0.029561313394974986,-0.970142500145332,-0.9459053029269172,-0.6233787261925371,1.8905706613989794,1.249118427536449,2.23606797749979
7,short,no distraction,none,1.0,0.8985584735870361,0,0.36,0.36,4.0,4.0,1.0,1.0,1.0,1.0,0.0,-0.6863149473881633,-0.30151134457776363,0.9755233420341523,0.9755233420341523,0.4850712500726658,0.38949041885226016,-0.6233787261925371,-0.4975185951049945,-0.8183879352825013,-0.44721359549995804
7,short,no distraction,static,1.0,0.6846744775772095,0,0.29,0.29,4.0,4.0,1.0,1.0,1.0,1.0,0.0,-1.426378317652925,-0.30151134457776363,0.14780656697487166,0.14780656697487166,0.4850712500726658,0.38949041885226016,-0.6233787261925371,-0.4975185951049945,-0.8183879352825013,-0.44721359549995804
7,short,no distraction,filtered,1.0,0.6991462945938111,0,0.09,0.09,5.0,5.0,5.0,1.0,2.0,1.0,0.0,-1.37630415654239,-0.30151134457776363,-2.2170985046230722,-2.2170985046230722,1.2126781251816647,1.0571882797418488,1.3714331976235816,-0.4975185951049945,-0.3015113445777637,-0.44721359549995804
7,long,with distraction,none,1.0,1.642831802368164,0,0.31,0.31,4.0,4.0,1.0,1.0,1.0,1.0,0.0,1.8889568745887755,-0.30151134457776363,0.3842970741346663,0.3842970741346663,0.4850712500726658,0.38949041885226016,-0.6233787261925371,-0.4975185951049945,-0.8183879352825013,-0.44721359549995804
7,long,with distraction,static,1.0,1.5919995069503785,0,0.37,0.37,5.0,6.0,2.0,2.0,2.0,1.0,0.0,1.713071251695083,-0.30151134457776363,1.0937685956140495,1.0937685956140495,1.2126781251816647,1.7248861406314375,-0.12467574523850741,0.09950371902099896,-0.3015113445777637,-0.44721359549995804
7,long,with distraction,filtered,1.0,1.1997678518295287,0,0.25,0.25,4.0,4.0,1.0,1.0,1.0,1.0,0.0,0.35590434800620047,-0.30151134457776363,-0.32517444734471695,-0.32517444734471695,0.4850712500726658,0.38949041885226016,-0.6233787261925371,-0.4975185951049945,-0.8183879352825013,-0.44721359549995804
7,long,no distraction,none,1.0,1.1262652635574342,0,0.19,0.19,4.0,4.0,1.0,1.0,1.0,1.0,0.0,0.10157688912830366,-0.30151134457776363,-1.0346459688241,-1.0346459688241,0.4850712500726658,0.38949041885226016,-0.6233787261925371,-0.4975185951049945,-0.8183879352825013,-0.44721359549995804
7,long,no distraction,static,1.0,1.175303030014038,0,0.3,0.3,2.0,2.0,6.0,1.0,5.0,1.0,0.0,0.27125323420866715,-0.30151134457776363,0.26605182055476895,0.26605182055476895,-0.970142500145332,-0.9459053029269172,1.8701361785776112,-0.4975185951049945,1.249118427536449,-0.44721359549995804
7,long,no distraction,filtered,1.0,0.9586078643798828,0,0.17,0.17,1.0,1.0,1.0,6.0,5.0,5.0,0.0,-0.47853710817826706,-0.30151134457776363,-1.2711364759838946,-1.2711364759838946,-1.697749375254331,-1.6136031638165058,-0.6233787261925371,2.487592975524973,1.249118427536449,2.23606797749979
8,short,with distraction,none,1.0,0.8917185544967652,0,0.3,0.3,4.0,4.0,2.0,3.0,2.0,2.0,0.3015113445777635,0.1545885481091573,-0.7745966692414834,0.8990275707432195,0.8990275707432195,-0.7071067811865478,-0.6767155423319642,0.0,-0.4738035414793428,-0.7071067811865476,0.8451542547285167
8,short,with distraction,static,1.0,0.8819278081258138,1,0.35,0.35,6.0,6.0,3.0,4.0,3.0,2.0,0.3015113445777635,0.0781861772732573,0.7745966692414834,1.4853498994887975,1.4853498994887975,1.4142135623730947,1.6434520313776286,1.224744871391589,0.04307304922539488,-0.17677669529663695,0.8451542547285167
8,short,with distraction,filtered,1.0,1.000943846172757,1,0.3,0.3,6.0,6.0,3.0,5.0,4.0,1.0,0.3015113445777635,1.0069312524455571,0.7745966692414834,0.8990275707432195,0.8990275707432195,1.4142135623730947,1.6434520313776286,1.224744871391589,0.5599496399301326,0.3535533905932737,-1.183215956619923
8,short,no distraction,none,1.0,0.7596720457077026,0,0.23,0.23,4.0,4.0,1.0,1.0,1.0,1.0,0.3015113445777635,-0.8758401801868239,-0.7745966692414834,0.07817631049941028,0.07817631049941028,-0.7071067811865478,-0.6767155423319642,-1.224744871391589,-1.507556722888818,-1.2374368670764582,-1.183215956619923
8,short,no distraction,static,1.0,0.7459091901779175,0,0.17,0.17,5.0,5.0,3.0,5.0,4.0,1.0,0.3015113445777635,-0.9832390190605748,-0.7745966692414834,-0.6254104839952835,-0.6254104839952835,0.35355339059327345,0.48336824452283217,1.224744871391589,0.5599496399301326,0.3535533905932737,-1.183215956619923
8,short,no distraction,filtered,1.0,0.6862548589706421,0,0.27,0.27,6.0,5.0,2.0,5.0,3.0,2.0,0.3015113445777635,-1.448753307980204,-0.7745966692414834,0.5472341734958729,0.5472341734958729,1.4142135623730947,0.48336824452283217,0.0,0.5599496399301326,-0.17677669529663695,0.8451542547285167
8,long,with distraction,none,0.6,1.0455174922943116,0,0.21,0.21,4.0,4.0,1.0,1.0,1.0,1.0,-3.3166247903554,1.3547629816578715,-0.7745966692414834,-0.15635262099882122,-0.15635262099882122,-0.7071067811865478,-0.6767155423319642,-1.224744871391589,-1.507556722888818,-1.2374368670764582,-1.183215956619923
8,long,with distraction,static,1.0,1.0019283592700958,2,0.1,0.1,4.0,4.0,2.0,6.0,6.0,2.0,0.3015113445777635,1.014613928710041,2.32379000772445,-1.446261744239093,-1.446261744239093,-0.7071067811865478,-0.6767155423319642,0.0,1.0768262306348702,1.414213562373095,0.8451542547285167
8,long,with distraction,filtered,1.0,1.0768879254659016,1,0.11,0.11,5.0,5.0,3.0,4.0,3.0,2.0,0.3015113445777635,1.5995630589604308,0.7745966692414834,-1.3289972784899775,-1.3289972784899775,0.35355339059327345,0.48336824452283217,1.224744871391589,0.04307304922539488,-0.17677669529663695,0.8451542547285167
8,long,no distraction,none,1.0,0.8634138902028402,1,0.18,0.18,4.0,4.0,1.0,1.0,1.0,1.0,0.3015113445777635,-0.06628771360121367,0.7745966692414834,-0.5081460182461681,-0.5081460182461681,-0.7071067811865478,-0.6767155423319642,-1.224744871391589,-1.507556722888818,-1.2374368670764582,-1.183215956619923
8,long,no distraction,static,1.0,0.7646056413650513,0,0.34,0.34,5.0,5.0,1.0,7.0,7.0,2.0,0.3015113445777635,-0.8373407246105368,-0.7745966692414834,1.3680854337396824,1.3680854337396824,0.35355339059327345,0.48336824452283217,-1.224744871391589,1.5937028213396078,1.9445436482630056,0.8451542547285167
8,long,no distraction,filtered,1.0,0.744122052192688,0,0.12,0.12,3.0,3.0,2.0,5.0,5.0,2.0,0.3015113445777635,-0.9971850017169671,-0.7745966692414834,-1.211732812740862,-1.211732812740862,-1.767766952966369,-1.8367993291867606,0.0,0.5599496399301326,0.8838834764831843,0.8451542547285167
9,short,with distraction,none,0.8888888888888888,1.0178840425279403,1,0.28,0.28,4.0,4.0,1.0,1.0,1.0,1.0,-2.3733519667877108,1.0358758346798715,0.911322376865767,-0.20119582530445335,-0.20119582530445335,-0.7745966692414834,-0.13018891098082339,-0.30151134457776335,-0.6445033866354896,-0.30151134457776363,-0.5345224838248487
9,short,with distraction,static,1.0,0.9274670600891112,0,0.15,0.15,6.0,6.0,1.0,1.0,1.0,1.0,0.4464721521679887,0.39021401597348065,-0.6509445549041194,-1.944892977943048,-1.944892977943048,2.32379000772445,2.9943449525589494,-0.30151134457776335,-0.6445033866354896,-0.30151134457776363,-0.5345224838248487
9,short,with distraction,filtered,1.0,0.8502539157867431,0,0.29,0.29,4.0,4.0,1.0,1.0,1.0,1.0,0.4464721521679887,-0.16116004931380068,-0.6509445549041194,-0.06706527510148519,-0.06706527510148519,-0.7745966692414834,-0.13018891098082339,-0.30151134457776335,-0.6445033866354896,-0.30151134457776363,-0.5345224838248487
9,short,no distraction,none,1.0,0.664271330833435,0,0.36,0.36,4.0,4.0,1.0,1.0,1.0,1.0,0.4464721521679887,-1.4892496494053449,-0.6509445549041194,0.8718485763192964,0.8718485763192964,-0.7745966692414834,-0.13018891098082339,-0.30151134457776335,-0.6445033866354896,-0.30151134457776363,-0.5345224838248487
9,short,no distraction,static,1.0,0.743354320526123,0,0.36,0.36,5.0,4.0,1.0,4.0,4.0,2.0,0.4464721521679887,-0.9245231392249756,-0.6509445549041194,0.8718485763192964,0.8718485763192964,0.7745966692414834,-0.13018891098082339,-0.30151134457776335,1.9335101599064688,3.3166247903554,1.0690449676496978
9,short,no distraction,filtered,1.0,0.7728299617767334,0,0.34,0.34,4.0,4.0,1.0,1.0,1.0,1.0,0.4464721521679887,-0.7140394930771777,-0.6509445549041194,0.6035874759133593,0.6035874759133593,-0.7745966692414834,-0.13018891098082339,-0.30151134457776335,-0.6445033866354896,-0.30151134457776363,-0.5345224838248487
9,long,with distraction,none,1.0,1.026489469740126,1,0.31,0.31,4.0,4.0,1.0,1.0,1.0,1.0,0.4464721521679887,1.0973266333539393,0.911322376865767,0.2011958253044526,0.2011958253044526,-0.7745966692414834,-0.13018891098082339,-0.30151134457776335,-0.6445033866354896,-0.30151134457776363,-0.5345224838248487
9,long,with distraction,static,0.9,1.0532840013504028,0,0.37,0.37,5.0,3.0,2.0,2.0,1.0,1.0,-2.091369554892139,1.288664649114215,-0.6509445549041194,1.0059791265222653,1.0059791265222653,0.7745966692414834,-1.6924558427507097,3.3166247903554003,0.21483446221182986,-0.30151134457776363,-0.5345224838248487
9,long,with distraction,filtered,1.0,1.102414220571518,2,0.2,0.2,5.0,4.0,1.0,3.0,1.0,2.0,0.4464721521679887,1.6395003642655122,2.4735893086356535,-1.2742402269282038,-1.2742402269282038,0.7745966692414834,-0.13018891098082339,-0.30151134457776335,1.0741723110591492,-0.30151134457776363,1.0690449676496978
9,long,no distraction,none,1.0,0.7703656673431396,0,0.18,0.18,4.0,4.0,1.0,1.0,1.0,1.0,0.4464721521679887,-0.7316368601082952,-0.6509445549041194,-1.5425013273341415,-1.5425013273341415,-0.7745966692414834,-0.13018891098082339,-0.30151134457776335,-0.6445033866354896,-0.30151134457776363,-0.5345224838248487
9,long,no distraction,static,1.0,0.7957197189331054,0,0.37,0.37,5.0,4.0,1.0,4.0,1.0,3.0,0.4464721521679887,-0.5505852189276343,-0.6509445549041194,1.0059791265222653,1.0059791265222653,0.7745966692414834,-0.13018891098082339,-0.30151134457776335,1.9335101599064688,-0.30151134457776363,2.672612419124244
9,long,no distraction,filtered,1.0,0.7495350307888455,1,0.33,0.33,4.0,4.0,1.0,1.0,1.0,1.0,0.4464721521679887,-0.8803870873297855,0.911322376865767,0.4694569257103904,0.4694569257103904,-0.7745966692414834,-0.13018891098082339,-0.30151134457776335,-0.6445033866354896,-0.30151134457776363,-0.5345224838248487
10,short,with distraction,none,1.0,0.8836818218231202,0,0.18,0.18,6.0,6.0,1.0,1.0,1.0,1.0,0.0,0.8122879855316344,-0.30151134457776363,-2.023557938349634,-2.023557938349634,0.5345224838248483,0.42008402520840293,-0.9258200997725514,-0.8835412617927489,-0.8835412617927489,-0.8835412617927489
10,short,with distraction,static,1.0,0.8152926921844482,0,0.37,0.37,6.0,6.0,2.0,2.0,2.0,2.0,0.0,0.3148755436398026,-0.30151134457776363,1.1804087973706199,1.1804087973706199,0.5345224838248483,0.42008402520840293,0.0,0.08032193289024983,0.08032193289024983,0.08032193289024983
10,short,with distraction,filtered,1.0,0.8281010866165162,0,0.29,0.29,6.0,6.0,2.0,2.0,2.0,2.0,0.0,0.4080344240763511,-0.30151134457776363,-0.16862982819580297,-0.16862982819580297,0.5345224838248483,0.42008402520840293,0.0,0.08032193289024983,0.08032193289024983,0.08032193289024983
10,short,no distraction,none,1.0,0.5348828077316284,0,0.35,0.35,6.0,6.0,1.0,1.0,1.0,1.0,0.0,-1.7246205881754533,-0.30151134457776363,0.843149140979014,0.843149140979014,0.5345224838248483,0.42008402520840293,-0.9258200997725514,-0.8835412617927489,-0.8835412617927489,-0.8835412617927489
10,short,no distraction,static,1.0,0.611826491355896,0,0.35,0.35,6.0,6.0,2.0,2.0,2.0,2.0,0.0,-1.1649885858103084,-0.30151134457776363,0.843149140979014,0.843149140979014,0.5345224838248483,0.42008402520840293,0.0,0.08032193289024983,0.08032193289024983,0.08032193289024983
10,short,no distraction,filtered,1.0,0.5774736166000366,0,0.3,0.3,6.0,6.0,2.0,2.0,2.0,2.0,0.0,-1.414846237290841,-0.30151134457776363,0.0,0.0,0.5345224838248483,0.42008402520840293,0.0,0.08032193289024983,0.08032193289024983,0.08032193289024983
10,long,with distraction,none,1.0,0.9198107719421388,1,0.28,0.28,5.0,6.0,1.0,1.0,1.0,1.0,0.0,1.0750635084347244,3.3166247903554,-0.337259656391605,-0.337259656391605,-1.069044967649698,0.42008402520840293,-0.9258200997725514,-0.8835412617927489,-0.8835412617927489,-0.8835412617927489
10,long,with distraction,static,1.0,0.9471400022506714,0,0.35,0.35,5.0,5.0,2.0,2.0,2.0,2.0,0.0,1.2738363142097602,-0.30151134457776363,0.843149140979014,0.843149140979014,-1.069044967649698,-1.260252075625209,0.0,0.08032193289024983,0.08032193289024983,0.08032193289024983
10,long,with distraction,filtered,1.0,0.9369807243347168,0,0.24,0.24,6.0,6.0,5.0,5.0,5.0,5.0,0.0,1.199945167141042,-0.30151134457776363,-1.011778969174817,-1.011778969174817,0.5345224838248483,0.42008402520840293,2.7774602993176543,2.971911516939246,2.971911516939246,2.971911516939246
10,long,no distraction,none,1.0,0.7989681005477905,0,0.3,0.3,4.0,4.0,1.0,1.0,1.0,1.0,0.0,0.1961424199434129,-0.30151134457776363,0.0,0.0,-2.6726124191242446,-2.9405881764588204,-0.9258200997725514,-0.8835412617927489,-0.8835412617927489,-0.8835412617927489
10,long,no distraction,static,1.0,0.713866114616394,0,0.37,0.37,6.0,6.0,3.0,2.0,2.0,2.0,0.0,-0.42282709839424265,-0.30151134457776363,1.1804087973706199,1.1804087973706199,0.5345224838248483,0.42008402520840293,0.9258200997725514,0.08032193289024983,0.08032193289024983,0.08032193289024983
10,long,no distraction,filtered,1.0,0.695982027053833,0,0.22,0.22,6.0,6.0,2.0,2.0,2.0,2.0,0.0,-0.5529028533058904,-0.30151134457776363,-1.3490386255664224,-1.3490386255664224,0.5345224838248483,0.42008402520840293,0.0,0.08032193289024983,0.08032193289024983,0.08032193289024983
11,short,with distraction,none,0.9,0.8815292596817017,0,0.32,0.32,4.0,4.0,1.0,1.0,1.0,1.0,-2.236067977499791,-0.05715892297892067,-0.30151134457776363,0.24907458899902174,0.24907458899902174,-0.6509445549041197,-0.5488212999484521,-0.9284766908852591,-0.8835412617927489,-0.9258200997725514,-1.183215956619923
11,short,with distraction,static,1.0,0.9070653915405272,0,0.35,0.35,3.0,3.0,2.0,2.0,2.0,1.0,0.44721359549995643,0.12079471236487321,-0.30151134457776363,0.7210053892076947,0.7210053892076947,-2.2132114866740062,-1.8659924198247362,0.18569533817705192,0.08032193289024983,0.0,-1.183215956619923
11,short,with distraction,filtered,1.0,0.9274098634719848,0,0.24,0.24,5.0,5.0,2.0,2.0,2.0,2.0,0.44721359549995643,0.26256922854326703,-0.30151134457776363,-1.0094075448907744,-1.0094075448907744,0.9113223768657666,0.768349819927832,0.18569533817705192,0.08032193289024983,0.0,0.8451542547285167
11,short,no distraction,none,1.0,0.7140442848205566,0,0.22,0.22,4.0,4.0,1.0,1.0,1.0,1.0,0.44721359549995643,-1.2243114230825713,-0.30151134457776363,-1.3240280783632232,-1.3240280783632232,-0.6509445549041197,-0.5488212999484521,-0.9284766908852591,-0.8835412617927489,-0.9258200997725514,-1.183215956619923
11,short,no distraction,static,1.0,0.8485778331756592,0,0.35,0.35,5.0,5.0,4.0,2.0,3.0,2.0,0.44721359549995643,-0.28678752017335146,-0.30151134457776363,0.7210053892076947,0.7210053892076947,0.9113223768657666,0.768349819927832,2.4140393963016744,0.08032193289024983,0.9258200997725514,0.8451542547285167
11,short,no distraction,filtered,1.0,0.6802083253860474,0,0.33,0.33,4.0,4.0,2.0,2.0,2.0,2.0,0.44721359549995643,-1.4601040646621168,-0.30151134457776363,0.40638485573524635,0.40638485573524635,-0.6509445549041197,-0.5488212999484521,0.18569533817705192,0.08032193289024983,0.0,0.8451542547285167
11,long,with distraction,none,1.0,1.156713671154446,1,0.36,0.36,4.0,4.0,1.0,1.0,1.0,1.0,0.44721359549995643,1.8605186126104303,3.3166247903554,0.8783156559439194,0.8783156559439194,-0.6509445549041197,-0.5488212999484521,-0.9284766908852591,-0.8835412617927489,-0.9258200997725514,-1.183215956619923
11,long,with distraction,static,1.0,1.056885004043579,0,0.37,0.37,5.0,4.0,2.0,2.0,2.0,2.0,0.44721359549995643,1.1648426064668267,-0.30151134457776363,1.035625922680144,1.035625922680144,0.9113223768657666,-0.5488212999484521,0.18569533817705192,0.08032193289024983,0.0,0.8451542547285167
11,long,with distraction,filtered,0.9,1.0916796922683716,0,0.27,0.27,5.0,6.0,3.0,5.0,5.0,2.0,-2.236067977499791,1.407316341114142,-0.30151134457776363,-0.5374767446821005,-0.5374767446821005,0.9113223768657666,2.085520939804116,1.299867367239363,2.971911516939246,2.7774602993176543,0.8451542547285167
11,long,no distraction,none,1.0,0.738715124130249,0,0.33,0.33,4.0,4.0,1.0,1.0,1.0,1.0,0.44721359549995643,-1.0523877516975093,-0.30151134457776363,0.40638485573524635,0.40638485573524635,-0.6509445549041197,-0.5488212999484521,-0.9284766908852591,-0.8835412617927489,-0.9258200997725514,-1.183215956619923
11,long,no distraction,static,1.0,0.8214744329452515,0,0.35,0.35,5.0,5.0,1.0,2.0,2.0,2.0,0.44721359549995643,-0.4756629782044763,-0.30151134457776363,0.7210053892076947,0.7210053892076947,0.9113223768657666,0.768349819927832,-0.9284766908852591,0.08032193289024983,0.0,0.8451542547285167
11,long,no distraction,filtered,1.0,0.8524750709533692,0,0.16,0.16,5.0,5.0,2.0,2.0,2.0,2.0,0.44721359549995643,-0.25962884030058236,-0.30151134457776363,-2.2678896787805702,-2.2678896787805702,0.9113223768657666,0.768349819927832,0.18569533817705192,0.08032193289024983,0.0,0.8451542547285167
12,short,with distraction,none,1.0,0.9116883277893066,0,0.36,0.36,4.0,4.0,1.0,1.0,1.0,1.0,0.3015113445777627,0.6443718306581183,-0.6882472016116852,0.9988485891403254,0.9988485891403254,-0.8835412617927492,-0.3737175463759683,-1.207406859886594,-1.1180339887498947,-1.3660232126416185,-1.2979353291279125
12,short,with distraction,static,1.0,0.8522401571273803,0,0.12,0.12,3.0,3.0,3.0,2.0,4.0,3.0,0.3015113445777627,0.24478250275912364,-0.6882472016116852,-1.8214297801970631,-1.8214297801970631,-1.847404456475748,-1.2706396576782917,1.4269353798659745,-0.44721359549995776,0.2203263246196158,-0.0519174131651166
12,short,with distraction,filtered,1.0,0.9709581136703492,2,0.31,0.31,6.0,6.0,2.0,5.0,4.0,4.0,0.3015113445777627,1.0427621199002957,1.1470786693528088,0.41129059552836955,0.41129059552836955,1.0441851275732483,1.4201266762286782,0.10976425998969026,1.5652475842498526,0.2203263246196158,0.5710915448162814
12,short,no distraction,none,1.0,0.6104386448860168,2,0.22,0.22,4.0,4.0,1.0,1.0,1.0,1.0,0.3015113445777627,-1.3805207266868964,1.1470786693528088,-0.6463137929731512,-0.6463137929731512,-0.8835412617927492,-0.3737175463759683,-1.207406859886594,-1.1180339887498947,-1.3660232126416185,-1.2979353291279125
12,short,no distraction,static,1.0,0.6003233909606933,0,0.24,0.24,5.0,5.0,2.0,2.0,5.0,4.0,0.3015113445777627,-1.4485118435293929,-0.6882472016116852,-0.4112905955283689,-0.4112905955283689,0.08032193289024961,0.523204564926355,0.10976425998969026,-0.44721359549995776,0.7491095037066938,0.5710915448162814
12,short,no distraction,filtered,1.0,0.6104078531265259,0,0.32,0.32,6.0,6.0,2.0,4.0,5.0,4.0,0.3015113445777627,-1.3807276978744505,-0.6882472016116852,0.5288021942507608,0.5288021942507608,1.0441851275732483,1.4201266762286782,0.10976425998969026,0.8944271909999159,0.7491095037066938,0.5710915448162814
12,long,with distraction,none,1.0,0.990323339189802,3,0.32,0.32,4.0,4.0,1.0,1.0,1.0,1.0,0.3015113445777627,1.1729282354219375,2.0647416048350555,0.5288021942507608,0.5288021942507608,-0.8835412617927492,-0.3737175463759683,-1.207406859886594,-1.1180339887498947,-1.3660232126416185,-1.2979353291279125
12,long,with distraction,static,0.9,0.9371806144714356,0,0.37,0.37,6.0,3.0,2.0,3.0,5.0,3.0,-3.3166247903554016,0.8157218585647693,-0.6882472016116852,1.1163601878627167,1.1163601878627167,1.0441851275732483,-1.2706396576782917,0.10976425998969026,0.22360679774997905,0.7491095037066938,-0.0519174131651166
12,long,with distraction,filtered,1.0,1.0262456238269806,2,0.16,0.16,6.0,5.0,3.0,5.0,5.0,5.0,0.3015113445777627,1.4143849768984205,1.1470786693528088,-1.3513833853074984,-1.3513833853074984,1.0441851275732483,0.523204564926355,1.4269353798659745,1.5652475842498526,0.7491095037066938,1.1941005027976794
12,long,no distraction,none,1.0,0.7298152446746826,0,0.35,0.35,4.0,4.0,1.0,1.0,1.0,1.0,0.3015113445777627,-0.578113945363164,-0.6882472016116852,0.8813369904179341,0.8813369904179341,-0.8835412617927492,-0.3737175463759683,-1.207406859886594,-1.1180339887498947,-1.3660232126416185,-1.2979353291279125
12,long,no distraction,static,1.0,0.7792967557907104,0,0.36,0.36,5.0,3.0,3.0,4.0,5.0,5.0,0.3015113445777627,-0.2455169360670749,-0.6882472016116852,0.9988485891403254,0.9988485891403254,0.08032193289024961,-1.2706396576782917,1.4269353798659745,0.8944271909999159,0.7491095037066938,1.1941005027976794
12,long,no distraction,filtered,1.0,0.7709589958190918,0,0.17,0.17,6.0,6.0,2.0,3.0,6.0,5.0,0.3015113445777627,-0.30156037468168023,-0.6882472016116852,-1.233871786585107,-1.233871786585107,1.0441851275732483,1.4201266762286782,0.10976425998969026,0.22360679774997905,1.277892682793772,1.1941005027976794
13,short,with distraction,none,0.9,0.883905577659607,0,0.37,0.37,6.0,1.0,2.0,1.0,1.0,1.0,-1.3546559816205075,0.19187308764727137,-0.508000508000762,0.8246211251235334,0.8246211251235334,0.8838834764831845,-1.7888543819998317,-0.13018891098082375,-0.6943138434075835,-0.30151134457776335,-0.6546536707079771
13,short,with distraction,static,1.0,0.7557541370391846,0,0.37,0.37,6.0,4.0,1.0,4.0,1.0,2.0,0.7059474833797034,-1.1758941388128534,-0.508000508000762,0.8246211251235334,0.8246211251235334,0.8838834764831845,0.22360679774997907,-0.9113223768657669,1.5779860077445078,-0.30151134457776335,0.6546536707079771
13,short,with distraction,filtered,1.0,0.8993087530136108,0,0.37,0.37,6.0,3.0,2.0,2.0,1.0,2.0,0.7059474833797034,0.35627200763309425,-0.508000508000762,0.8246211251235334,0.8246211251235334,0.8838834764831845,-0.4472135954999578,-0.13018891098082375,0.06311944030978026,-0.30151134457776335,0.6546536707079771
13,short,no distraction,none,0.9,0.7264779806137085,0,0.36,0.36,4.0,4.0,1.0,1.0,1.0,1.0,-1.3546559816205075,-1.4883601328089044,-0.508000508000762,0.5335783750799336,0.5335783750799336,-0.17677669529663673,0.22360679774997907,-0.9113223768657669,-0.6943138434075835,-0.30151134457776335,-0.6546536707079771
13,short,no distraction,static,1.0,0.7665868997573853,0,0.36,0.36,6.0,2.0,1.0,3.0,1.0,3.0,0.7059474833797034,-1.0602754789972355,-0.508000508000762,0.5335783750799336,0.5335783750799336,0.8838834764831845,-1.1180339887498947,-0.9113223768657669,0.8205527240271441,-0.30151134457776335,1.9639610121239313
13,short,no distraction,filtered,1.0,0.7626155217488607,4,0.29,0.29,5.0,6.0,5.0,1.0,1.0,1.0,0.7059474833797034,-1.102662210333588,2.5400025400038104,-1.5037208752252638,-1.5037208752252638,0.3535533905932739,1.565247584249853,2.213211486674006,-0.6943138434075835,-0.30151134457776335,-0.6546536707079771
13,long,with distraction,none,0.8888888888888888,0.9786174032423232,1,0.37,0.37,2.0,2.0,1.0,1.0,1.0,1.0,-1.583611922176088,1.2027375021484576,0.25400025400038106,0.8246211251235334,0.8246211251235334,-1.237436867076458,-1.1180339887498947,-0.9113223768657669,-0.6943138434075835,-0.30151134457776335,-0.6546536707079771
13,long,with distraction,static,0.9,0.9845932960510254,0,0.36,0.36,6.0,3.0,2.0,5.0,1.0,3.0,-1.3546559816205075,1.2665185278865259,-0.508000508000762,0.5335783750799336,0.5335783750799336,0.8838834764831845,-0.4472135954999578,-0.13018891098082375,2.3354192914618714,-0.30151134457776335,1.9639610121239313
13,long,with distraction,filtered,1.0,1.0131699017116005,3,0.33,0.33,1.0,4.0,3.0,1.0,1.0,1.0,0.7059474833797034,1.5715181788992718,1.7780017780026671,-0.3395498750508643,-0.3395498750508643,-1.7677669529663687,0.22360679774997907,0.6509445549041194,-0.6943138434075835,-0.30151134457776335,-0.6546536707079771
13,long,no distraction,none,1.0,0.8567653179168702,0,0.32,0.32,4.0,4.0,1.0,1.0,1.0,1.0,0.7059474833797034,-0.09779636603981244,-0.508000508000762,-0.6305926250944641,-0.6305926250944641,-0.17677669529663673,0.22360679774997907,-0.9113223768657669,-0.6943138434075835,-0.30151134457776335,-0.6546536707079771
13,long,no distraction,static,1.0,0.844671106338501,0,0.34,0.34,1.0,5.0,3.0,2.0,2.0,1.0,0.7059474833797034,-0.22687853746670011,-0.508000508000762,-0.048507125007264486,-0.048507125007264486,-1.7677669529663687,0.894427190999916,0.6509445549041194,0.06311944030978026,3.3166247903554003,-0.6546536707079771
13,long,no distraction,filtered,1.0,0.9186729907989502,0,0.26,0.26,5.0,6.0,4.0,1.0,1.0,1.0,0.7059474833797034,0.5629475602444565,-0.508000508000762,-2.3768491253560615,-2.3768491253560615,0.3535533905932739,1.565247584249853,1.4320780207890627,-0.6943138434075835,-0.30151134457776335,-0.6546536707079771
14,short,with distraction,none,0.9,0.9547828197479248,0,0.37,0.37,4.0,4.0,1.0,1.0,1.0,1.0,-1.000000000000001,0.3697059869733351,-0.5773502691896258,0.7838950231622845,0.7838950231622845,-0.3015113445777642,-0.3015113445777625,-0.30151134457776335,-0.3015113445777635,-0.30151134457776335,-0.6546536707079771
14,short,with distraction,static,1.0,0.9368977785110474,0,0.34,0.34,4.0,4.0,1.0,1.0,1.0,1.0,0.9999999999999989,0.25298692038247717,-0.5773502691896258,0.3359550099266942,0.3359550099266942,-0.3015113445777642,-0.3015113445777625,-0.30151134457776335,-0.3015113445777635,-0.30151134457776335,-0.6546536707079771
14,short,with distraction,filtered,1.0,0.9178054809570312,0,0.36,0.36,4.0,4.0,1.0,1.0,1.0,1.0,0.9999999999999989,0.12838921215998492,-0.5773502691896258,0.6345816854170875,0.6345816854170875,-0.3015113445777642,-0.3015113445777625,-0.30151134457776335,-0.3015113445777635,-0.30151134457776335,-0.6546536707079771
14,short,no distraction,none,1.0,0.7039976649814181,1,0.31,0.31,4.0,4.0,1.0,1.0,1.0,1.0,0.9999999999999989,-1.2669359861430263,1.7320508075688774,-0.11198500330889696,-0.11198500330889696,-0.3015113445777642,-0.3015113445777625,-0.30151134457776335,-0.3015113445777635,-0.30151134457776335,-0.6546536707079771
14,short,no distraction,static,0.9,0.6440250635147095,0,0.13,0.13,4.0,4.0,1.0,1.0,1.0,1.0,-1.000000000000001,-1.658321500523976,-0.5773502691896258,-2.7996250827224416,-2.7996250827224416,-0.3015113445777642,-0.3015113445777625,-0.30151134457776335,-0.3015113445777635,-0.30151134457776335,-0.6546536707079771
14,short,no distraction,filtered,0.9,0.7868848085403443,0,0.34,0.34,4.0,4.0,1.0,1.0,1.0,1.0,-1.000000000000001,-0.7260085205338161,-0.5773502691896258,0.3359550099266942,0.3359550099266942,-0.3015113445777642,-0.3015113445777625,-0.30151134457776335,-0.3015113445777635,-0.30151134457776335,-0.6546536707079771
14,long,with distraction,none,1.0,1.124750640657213,1,0.33,0.33,4.0,4.0,1.0,1.0,1.0,1.0,0.9999999999999989,1.4789282215918946,1.7320508075688774,0.18664167218149713,0.18664167218149713,-0.3015113445777642,-0.3015113445777625,-0.30151134457776335,-0.3015113445777635,-0.30151134457776335,-0.6546536707079771
14,long,with distraction,static,0.9,1.1564157009124756,0,0.37,0.37,4.0,4.0,2.0,1.0,2.0,2.0,-1.000000000000001,1.685576684270128,-0.5773502691896258,0.7838950231622845,0.7838950231622845,-0.3015113445777642,-0.3015113445777625,3.3166247903554003,-0.3015113445777635,3.3166247903554003,0.6546536707079771
14,long,with distraction,filtered,1.0,1.008585188123915,1,0.26,0.26,6.0,5.0,1.0,5.0,1.0,3.0,0.9999999999999989,0.7208241160316425,1.7320508075688774,-0.8585516920348814,-0.8585516920348814,3.3166247903553994,3.3166247903554007,-0.30151134457776335,3.3166247903554,-0.30151134457776335,1.9639610121239313
14,long,no distraction,none,0.9,0.798118782043457,0,0.37,0.37,4.0,4.0,1.0,1.0,1.0,1.0,-1.000000000000001,-0.6526948007596548,-0.5773502691896258,0.7838950231622845,0.7838950231622845,-0.3015113445777642,-0.3015113445777625,-0.30151134457776335,-0.3015113445777635,-0.30151134457776335,-0.6546536707079771
14,long,no distraction,static,0.9,0.7715209722518921,0,0.36,0.36,4.0,4.0,1.0,1.0,1.0,2.0,-1.000000000000001,-0.826274022138887,-0.5773502691896258,0.6345816854170875,0.6345816854170875,-0.3015113445777642,-0.3015113445777625,-0.30151134457776335,-0.3015113445777635,-0.30151134457776335,0.6546536707079771
14,long,no distraction,filtered,1.0,0.973801565170288,0,0.27,0.27,4.0,4.0,1.0,1.0,1.0,3.0,0.9999999999999989,0.4938236886899101,-0.5773502691896258,-0.7092383542896843,-0.7092383542896843,-0.3015113445777642,-0.3015113445777625,-0.30151134457776335,-0.3015113445777635,-0.30151134457776335,1.9639610121239313
15,short,with distraction,none,1.0,0.7690033674240112,0,0.35,0.35,4.0,4.0,1.0,1.0,1.0,1.0,0.0,-0.03625080744327728,-0.7071067811865475,0.574852932717677,0.574852932717677,-0.50709255283711,-0.047511433814557816,-0.8221786020271296,-1.207406859886594,-1.0392304845413263,-0.9610744623271418
15,short,with distraction,static,1.0,0.8558514356613159,0,0.37,0.37,6.0,5.0,2.0,4.0,3.0,2.0,0.0,0.8490231059017332,-0.7071067811865475,0.9690378008669415,0.9690378008669415,0.8451542547285166,0.522625771960138,0.07474350927519352,0.7683498199278324,0.3464101615137754,0.08737040566610371
15,short,with distraction,filtered,1.0,0.7761356592178345,0,0.36,0.36,6.0,4.0,2.0,4.0,3.0,2.0,0.0,0.03645123412872255,-0.7071067811865475,0.7719453667923092,0.7719453667923092,0.8451542547285166,-0.047511433814557816,0.07474350927519352,0.7683498199278324,0.3464101615137754,0.08737040566610371
15,short,no distraction,none,1.0,0.6613282680511474,0,0.36,0.36,4.0,4.0,1.0,1.0,1.0,1.0,0.0,-1.1338222160688454,-0.7071067811865475,0.7719453667923092,0.7719453667923092,-0.50709255283711,-0.047511433814557816,-0.8221786020271296,-1.207406859886594,-1.0392304845413263,-0.9610744623271418
15,short,no distraction,static,1.0,0.6382476329803467,0,0.35,0.35,6.0,6.0,2.0,3.0,2.0,2.0,0.0,-1.369091515044907,-0.7071067811865475,0.574852932717677,0.574852932717677,0.8451542547285166,1.0927629777348338,0.07474350927519352,0.10976425998969026,-0.3464101615137754,0.08737040566610371
15,short,no distraction,filtered,1.0,0.6361565854814317,1,0.29,0.29,6.0,7.0,1.0,4.0,4.0,3.0,0.0,-1.3904063219246254,1.4142135623730951,-0.6077016717301154,-0.6077016717301154,0.8451542547285166,1.6629001835095296,-0.8221786020271296,0.7683498199278324,1.0392304845413263,1.1358152736593492
15,long,with distraction,none,1.0,0.8914185285568237,0,0.23,0.23,4.0,4.0,1.0,1.0,1.0,1.0,0.0,1.2115714060881835,-0.7071067811865475,-1.790256276177907,-1.790256276177907,-0.50709255283711,-0.047511433814557816,-0.8221786020271296,-1.207406859886594,-1.0392304845413263,-0.9610744623271418
15,long,with distraction,static,1.0,0.9453155729505752,1,0.37,0.37,6.0,3.0,3.0,2.0,2.0,1.0,0.0,1.7609635615684045,1.4142135623730951,0.9690378008669415,0.9690378008669415,0.8451542547285166,-0.6176486395892536,0.9716656205775166,-0.5488212999484519,-0.3464101615137754,-0.9610744623271418
15,long,with distraction,filtered,1.0,0.8587802171707153,0,0.29,0.29,6.0,6.0,2.0,5.0,3.0,4.0,0.0,0.8788772399174023,-0.7071067811865475,-0.6077016717301154,-0.6077016717301154,0.8451542547285166,1.0927629777348338,0.07474350927519352,1.4269353798659745,0.3464101615137754,2.1842601416525946
15,long,no distraction,none,1.0,0.799713929494222,1,0.25,0.25,4.0,4.0,1.0,1.0,1.0,1.0,0.0,0.27679310955708236,1.4142135623730951,-1.3960714080286432,-1.3960714080286432,-0.50709255283711,-0.047511433814557816,-0.8221786020271296,-1.207406859886594,-1.0392304845413263,-0.9610744623271418
15,long,no distraction,static,1.0,0.690136981010437,0,0.37,0.37,4.0,1.0,5.0,3.0,6.0,3.0,0.0,-0.8401645380394732,-0.7071067811865475,0.9690378008669415,0.9690378008669415,-0.50709255283711,-1.7579230511386452,2.7655098431821625,0.10976425998969026,2.424871130596428,1.1358152736593492
15,long,no distraction,filtered,1.0,0.7486280070410835,1,0.26,0.26,1.0,1.0,2.0,5.0,3.0,2.0,0.0,-0.2439442586404036,1.4142135623730951,-1.1989789739540109,-1.1989789739540109,-2.53546276418555,-1.7579230511386452,0.07474350927519352,1.4269353798659745,0.3464101615137754,0.08737040566610371
16,short,with distraction,none,1.0,0.8568025350570678,0,0.36,0.36,4.0,4.0,1.0,1.0,1.0,1.0,0.3015113445777627,-0.10880566640889636,-0.42008402520840293,0.8528028654224411,0.8528028654224411,-0.06030226891555251,-0.3922322702763677,-1.044465935734187,-1.0215078369104984,-0.8542421961772491,-1.0051414220648334
16,short,with distraction,static,0.9,0.8522462129592896,0,0.37,0.37,6.0,6.0,6.0,5.0,5.0,7.0,-3.3166247903554016,-0.13942087031719597,-0.42008402520840293,0.9949366763261815,0.9949366763261815,1.386952185057713,1.9611613513818407,1.5666989036012806,1.0215078369104984,1.4237369936287483,1.5795079489590238
16,short,with distraction,filtered,1.0,0.8772039413452148,0,0.33,0.33,5.0,5.0,3.0,5.0,3.0,5.0,0.3015113445777627,0.028277094669881004,-0.42008402520840293,0.42640143271122055,0.42640143271122055,0.6633249580710802,0.7844645405527365,0.0,1.0215078369104984,0.28474739872574967,0.717958158617738
16,short,no distraction,none,1.0,0.6119206666946411,0,0.34,0.34,4.0,4.0,1.0,1.0,1.0,1.0,0.3015113445777627,-1.75423550487814,-0.42008402520840293,0.568535243614961,0.568535243614961,-0.06030226891555251,-0.3922322702763677,-1.044465935734187,-1.0215078369104984,-0.8542421961772491,-1.0051414220648334
16,short,no distraction,static,1.0,0.8000437974929809,0,0.14,0.14,5.0,3.0,2.0,2.0,2.0,3.0,0.3015113445777627,-0.4901835160893478,-0.42008402520840293,-2.2741409744598453,-2.2741409744598453,0.6633249580710802,-1.568929081105472,-0.5222329678670935,-0.5107539184552492,-0.28474739872574967,-0.1435916317235477
16,short,no distraction,filtered,1.0,0.7248362302780151,0,0.35,0.35,6.0,5.0,6.0,6.0,5.0,6.0,0.3015113445777627,-0.9955242177171096,-0.42008402520840293,0.7106690545187007,0.7106690545187007,1.386952185057713,0.7844645405527365,1.5666989036012806,1.5322617553657474,1.4237369936287483,1.1487330537883809
16,long,with distraction,none,1.0,1.187946531507704,1,0.22,0.22,4.0,4.0,1.0,1.0,1.0,1.0,0.3015113445777627,2.1162435633830485,1.260252075625209,-1.137070487229923,-1.137070487229923,-0.06030226891555251,-0.3922322702763677,-1.044465935734187,-1.0215078369104984,-0.8542421961772491,-1.0051414220648334
16,long,with distraction,static,1.0,1.030464196205139,0,0.35,0.35,2.0,4.0,5.0,2.0,2.0,3.0,0.3015113445777627,1.0580756587052291,-0.42008402520840293,0.7106690545187007,0.7106690545187007,-1.5075567228888178,-0.3922322702763677,1.044465935734187,-0.5107539184552492,-0.28474739872574967,-0.1435916317235477
16,long,with distraction,filtered,1.0,1.0097009241580963,2,0.37,0.37,5.0,5.0,5.0,6.0,6.0,7.0,0.3015113445777627,0.9185614202729462,2.9405881764588204,0.9949366763261815,0.9949366763261815,0.6633249580710802,0.7844645405527365,1.044465935734187,1.5322617553657474,1.9932317910802477,1.5795079489590238
16,long,no distraction,none,1.0,0.9293206453323364,0,0.24,0.24,4.0,4.0,1.0,1.0,1.0,1.0,0.3015113445777627,0.3784638210148537,-0.42008402520840293,-0.8528028654224427,-0.8528028654224427,-0.06030226891555251,-0.3922322702763677,-1.044465935734187,-1.0215078369104984,-0.8542421961772491,-1.0051414220648334
16,long,no distraction,static,1.0,0.718789005279541,0,0.25,0.25,2.0,3.0,3.0,2.0,1.0,1.0,0.3015113445777627,-1.0361572156559358,-0.42008402520840293,-0.7106690545187022,-0.7106690545187022,-1.5075567228888178,-1.568929081105472,0.0,-0.5107539184552492,-0.8542421961772491,-1.0051414220648334
16,long,no distraction,filtered,1.0,0.8766723871231079,0,0.28,0.28,2.0,5.0,2.0,4.0,2.0,4.0,0.3015113445777627,0.024705433020662488,-0.42008402520840293,-0.2842676218074809,-0.2842676218074809,-1.5075567228888178,0.7844645405527365,-0.5222329678670935,0.5107539184552492,-0.28474739872574967,0.28718326344709516
17,short,with distraction,none,1.0,0.9250882148742676,0,0.36,0.36,4.0,4.0,1.0,1.0,1.0,1.0,0.44721359549995643,-0.09289262269362845,-0.447213595499958,0.6767155423319641,0.6767155423319641,0.27050089040022973,0.6546536707079771,-1.0210549404852616,-1.2675004445952593,-1.1659976680069961,-1.3714331976235816
17,short,with distraction,static,0.9,0.9040249347686768,0,0.37,0.37,3.0,4.0,2.0,4.0,3.0,5.0,-2.236067977499791,-0.20595766248353192,-0.447213595499958,0.8700628401410969,0.8700628401410969,-0.8115026712006891,0.6546536707079771,-0.14586499149789442,0.362142984170074,0.1059997880006359,0.6233787261925371
17,short,with distraction,filtered,1.0,0.8809104919433594,0,0.34,0.34,3.0,3.0,2.0,6.0,5.0,6.0,0.44721359549995643,-0.33003308590594055,-0.447213595499958,0.2900209467136993,0.2900209467136993,-0.8115026712006891,-0.6546536707079771,-0.14586499149789442,1.4485719366802963,1.377997244008268,1.1220817071465667
17,short,no distraction,none,1.0,0.6625232219696044,0,0.33,0.33,4.0,4.0,1.0,1.0,1.0,1.0,0.44721359549995643,-1.502308498159375,-0.447213595499958,0.09667364890456644,0.09667364890456644,0.27050089040022973,0.6546536707079771,-1.0210549404852616,-1.2675004445952593,-1.1659976680069961,-1.3714331976235816
17,short,no distraction,static,1.0,0.7256696701049805,0,0.37,0.37,3.0,3.0,2.0,5.0,5.0,5.0,0.44721359549995643,-1.1633463025646675,-0.447213595499958,0.8700628401410969,0.8700628401410969,-0.8115026712006891,-0.6546536707079771,-0.14586499149789442,0.9053574604251852,1.377997244008268,0.6233787261925371
17,short,no distraction,filtered,1.0,0.7676882743835449,0,0.36,0.36,3.0,3.0,3.0,3.0,3.0,5.0,0.44721359549995643,-0.9377957168602553,-0.447213595499958,0.6767155423319641,0.6767155423319641,-0.8115026712006891,-0.6546536707079771,0.7293249574894728,-0.18107149208503712,0.1059997880006359,0.6233787261925371
17,long,with distraction,none,1.0,1.3753579722510445,1,0.31,0.31,4.0,4.0,1.0,1.0,1.0,1.0,0.44721359549995643,2.3240988325205385,2.2360679774997902,-0.2900209467136993,-0.2900209467136993,0.27050089040022973,0.6546536707079771,-1.0210549404852616,-1.2675004445952593,-1.1659976680069961,-1.3714331976235816
17,long,with distraction,static,1.0,1.1460873126983642,0,0.37,0.37,5.0,3.0,2.0,5.0,4.0,5.0,0.44721359549995643,1.093402753133517,-0.447213595499958,0.8700628401410969,0.8700628401410969,1.3525044520011484,-0.6546536707079771,-0.14586499149789442,0.9053574604251852,0.741998516004452,0.6233787261925371
17,long,with distraction,filtered,1.0,1.1019032796223958,1,0.29,0.29,3.0,3.0,3.0,5.0,5.0,4.0,0.44721359549995643,0.8562284178557561,2.2360679774997902,-0.6767155423319651,-0.6767155423319651,-0.8115026712006891,-0.6546536707079771,0.7293249574894728,0.9053574604251852,1.377997244008268,0.12467574523850741
17,long,no distraction,none,1.0,0.959828519821167,0,0.2,0.2,4.0,4.0,1.0,1.0,1.0,1.0,0.44721359549995643,0.09358896713681697,-0.447213595499958,-2.416841222614159,-2.416841222614159,0.27050089040022973,0.6546536707079771,-1.0210549404852616,-1.2675004445952593,-1.1659976680069961,-1.3714331976235816
17,long,no distraction,static,0.9,0.9234986305236816,0,0.35,0.35,6.0,5.0,5.0,5.0,2.0,6.0,-2.236067977499791,-0.1014253116645503,-0.447213595499958,0.4833682445228311,0.4833682445228311,2.434508013602067,1.9639610121239313,2.4797048554642074,0.9053574604251852,-0.5299989400031802,1.1220817071465667
17,long,no distraction,filtered,1.0,0.9361415386199952,0,0.25,0.25,3.0,2.0,3.0,3.0,3.0,5.0,0.44721359549995643,-0.03355977031468428,-0.447213595499958,-1.4501047335684956,-1.4501047335684956,-0.8115026712006891,-1.9639610121239313,0.7293249574894728,-0.18107149208503712,0.1059997880006359,0.6233787261925371
18,short,with distraction,none,1.0,0.782908821105957,0,0.26,0.26,4.0,4.0,1.0,1.0,1.0,1.0,0.44721359549995643,0.4585902703267365,-0.30151134457776363,-0.38662823369760446,-0.38662823369760446,0.0,0.08737040566610395,-0.7071067811865477,-0.6509445549041195,-0.8451542547285165,-0.7745966692414834
18,short,with distraction,static,1.0,0.7815476894378662,0,0.37,0.37,4.0,4.0,1.0,1.0,1.0,2.0,0.44721359549995643,0.44494210349143043,-0.30151134457776363,1.0715125333905031,1.0715125333905031,0.0,0.08737040566610395,-0.7071067811865477,-0.6509445549041195,-0.8451542547285165,0.7745966692414834
18,short,with distraction,filtered,0.9,0.7929246425628662,0,0.35,0.35,3.0,3.0,2.0,2.0,2.0,2.0,-2.236067977499791,0.559019644972227,-0.30151134457776363,0.8063960302835743,0.8063960302835743,-1.224744871391589,-0.9610744623271416,0.35355339059327373,0.911322376865767,0.1690308509457034,0.7745966692414834
18,short,no distraction,none,1.0,0.5729087114334106,0,0.26,0.26,4.0,4.0,1.0,1.0,1.0,1.0,0.44721359549995643,-1.6470961958941395,-0.30151134457776363,-0.38662823369760446,-0.38662823369760446,0.0,0.08737040566610395,-0.7071067811865477,-0.6509445549041195,-0.8451542547285165,-0.7745966692414834
18,short,no distraction,static,1.0,0.5845025539398193,0,0.37,0.37,3.0,4.0,2.0,1.0,2.0,1.0,0.44721359549995643,-1.5308438887153082,-0.30151134457776363,1.0715125333905031,1.0715125333905031,-1.224744871391589,0.08737040566610395,0.35355339059327373,-0.6509445549041195,0.1690308509457034,-0.7745966692414834
18,short,no distraction,filtered,1.0,0.6388660192489624,0,0.31,0.31,4.0,4.0,1.0,1.0,1.0,1.0,0.44721359549995643,-0.9857374440718857,-0.30151134457776363,0.27616302406971716,0.27616302406971716,0.0,0.08737040566610395,-0.7071067811865477,-0.6509445549041195,-0.8451542547285165,-0.7745966692414834
18,long,with distraction,none,1.0,0.7988320456610786,1,0.27,0.27,4.0,4.0,1.0,1.0,1.0,1.0,0.44721359549995643,0.6182536081059292,3.3166247903554,-0.25406998214414,-0.25406998214414,0.0,0.08737040566610395,-0.7071067811865477,-0.6509445549041195,-0.8451542547285165,-0.7745966692414834
18,long,with distraction,static,0.9,0.8754650592803955,0,0.35,0.35,4.0,3.0,3.0,2.0,3.0,2.0,-2.236067977499791,1.3866584432059332,-0.30151134457776363,0.8063960302835743,0.8063960302835743,0.0,-0.9610744623271416,1.4142135623730951,0.911322376865767,1.1832159566199232,0.7745966692414834
18,long,with distraction,filtered,1.0,0.8876642465591431,0,0.25,0.25,3.0,2.0,4.0,2.0,4.0,2.0,0.44721359549995643,1.508980586712465,-0.30151134457776363,-0.5191864852510689,-0.5191864852510689,-1.224744871391589,-2.009519330320387,2.4748737341529163,0.911322376865767,2.1974010622941433,0.7745966692414834
18,long,no distraction,none,1.0,0.7616577386856079,0,0.18,0.18,4.0,4.0,1.0,1.0,1.0,1.0,0.44721359549995643,0.24550411187258453,-0.30151134457776363,-1.4470942461253196,-1.4470942461253196,0.0,0.08737040566610395,-0.7071067811865477,-0.6509445549041195,-0.8451542547285165,-0.7745966692414834
18,long,no distraction,static,1.0,0.6688232421875,0,0.37,0.37,5.0,5.0,1.0,3.0,3.0,3.0,0.44721359549995643,-0.6853541775793021,-0.30151134457776363,1.0715125333905031,1.0715125333905031,1.224744871391589,1.1358152736593494,-0.7071067811865477,2.4735893086356535,1.1832159566199232,2.32379000772445
18,long,no distraction,filtered,1.0,0.6999825954437255,0,0.13,0.13,6.0,6.0,2.0,1.0,2.0,1.0,0.44721359549995643,-0.37291706242665695,-0.30151134457776363,-2.109885503892641,-2.109885503892641,2.449489742783178,2.184260141652595,0.35355339059327373,-0.6509445549041195,0.1690308509457034,-0.7745966692414834
19,short,with distraction,none,1.0,0.9107183615366616,1,0.34,0.34,5.0,5.0,1.0,2.0,3.0,3.0,0.44721359549995643,0.026649921082895635,0.911322376865767,0.3692744729379996,0.3692744729379996,0.40482045237636793,0.562253530231749,-0.7745966692414834,-0.4472135954999579,0.9045340337332909,0.07474350927519373
19,short,with distraction,static,0.9,0.8462113857269287,0,0.35,0.35,6.0,5.0,1.0,1.0,2.0,3.0,-2.236067977499791,-0.39174093897556284,-0.6509445549041194,0.5539117094069979,0.5539117094069979,1.0987983707358562,0.562253530231749,-0.7745966692414834,-1.3416407864998738,-0.30151134457776363,0.07474350927519373
19,short,with distraction,filtered,1.0,0.9135873079299928,0,0.37,0.37,7.0,6.0,1.0,2.0,1.0,2.0,0.44721359549995643,0.04525784579026214,-0.6509445549041194,0.9231861823449964,0.9231861823449964,1.7927762890953445,1.5261167249147478,-0.7745966692414834,-0.4472135954999579,-1.507556722888818,-0.8221786020271293
19,short,no distraction,none,1.0,0.6939100027084351,0,0.36,0.36,4.0,4.0,1.0,1.0,1.0,1.0,0.44721359549995643,-1.3795644391370103,-0.6509445549041194,0.7385489458759971,0.7385489458759971,-0.2891574659831203,-0.4016096644512498,-0.7745966692414834,-1.3416407864998738,-1.507556722888818,-1.7191007133294525
19,short,no distraction,static,1.0,0.7298975944519043,0,0.35,0.35,6.0,6.0,1.0,2.0,3.0,3.0,0.44721359549995643,-1.1461496917863687,-0.6509445549041194,0.5539117094069979,0.5539117094069979,1.0987983707358562,1.5261167249147478,-0.7745966692414834,-0.4472135954999579,0.9045340337332909,0.07474350927519373
19,short,no distraction,filtered,0.9,0.6641676902770997,0,0.2,0.2,5.0,5.0,2.0,4.0,3.0,4.0,-2.236067977499791,-1.572472438962918,-0.6509445549041194,-2.2156468376279883,-2.2156468376279883,0.40482045237636793,0.562253530231749,0.7745966692414834,1.3416407864998738,0.9045340337332909,0.9716656205775168
19,long,with distraction,none,1.0,1.218636883629693,1,0.35,0.35,3.0,3.0,2.0,3.0,3.0,3.0,0.44721359549995643,2.023802843991965,0.911322376865767,0.5539117094069979,0.5539117094069979,-0.9831353843426086,-1.3654728591342484,0.7745966692414834,0.4472135954999579,0.9045340337332909,0.07474350927519373
19,long,with distraction,static,1.0,1.0447763442993163,0,0.36,0.36,3.0,4.0,1.0,3.0,2.0,3.0,0.44721359549995643,0.8961471188930323,-0.6509445549041194,0.7385489458759971,0.7385489458759971,-0.9831353843426086,-0.4016096644512498,-0.7745966692414834,0.4472135954999579,-0.30151134457776363,0.07474350927519373
19,long,with distraction,filtered,1.0,1.025539517402649,2,0.26,0.26,5.0,5.0,3.0,4.0,3.0,3.0,0.44721359549995643,0.7713774726793902,2.4735893086356535,-1.1078234188139935,-1.1078234188139935,0.40482045237636793,0.562253530231749,2.32379000772445,1.3416407864998738,0.9045340337332909,0.07474350927519373
19,long,no distraction,none,1.0,0.9987437009811402,0,0.24,0.24,4.0,4.0,1.0,1.0,1.0,1.0,0.44721359549995643,0.5975803827083541,-0.6509445549041194,-1.4770978917519921,-1.4770978917519921,-0.2891574659831203,-0.4016096644512498,-0.7745966692414834,-1.3416407864998738,-1.507556722888818,-1.7191007133294525
19,long,no distraction,static,1.0,0.8573556476169162,1,0.36,0.36,2.0,3.0,2.0,4.0,2.0,4.0,0.44721359549995643,-0.31945949563800263,0.911322376865767,0.7385489458759971,0.7385489458759971,-1.6771133027020968,-1.3654728591342484,0.7745966692414834,1.3416407864998738,-0.30151134457776363,0.9716656205775168
19,long,no distraction,filtered,1.0,0.9757696866989136,0,0.3,0.3,3.0,3.0,2.0,3.0,3.0,5.0,0.44721359549995643,0.44857141935394773,-0.6509445549041194,-0.36927447293799753,-0.36927447293799753,-0.9831353843426086,-1.3654728591342484,0.7745966692414834,0.4472135954999579,0.9045340337332909,1.8685877318798398
20,short,with distraction,none,1.0,0.8778649091720581,0,0.37,0.37,4.0,4.0,1.0,1.0,1.0,1.0,0.0,0.9318541535951016,-0.30151134457776363,0.8039740149107713,0.8039740149107713,0.0,-0.4888129019342116,-0.8914003559538186,-0.8320502943378437,-1.1355499479153377,-0.7671992600910911
20,short,with distraction,static,1.0,0.9563004493713378,0,0.34,0.34,2.0,3.0,7.0,2.0,6.0,1.0,0.0,1.611181782503424,-0.30151134457776363,0.4231442183740903,0.4231442183740903,-1.7320508075688774,-1.1405634378464937,2.1648294358878455,-0.2773500981126146,1.2977713690461001,-0.7671992600910911
20,short,with distraction,filtered,1.0,0.8160762548446655,0,0.16,0.16,4.0,4.0,1.0,1.0,1.0,1.0,0.0,0.3967046546432355,-0.30151134457776363,-1.8618345608459979,-1.8618345608459979,0.0,-0.4888129019342116,-0.8914003559538186,-0.8320502943378437,-1.1355499479153377,-0.7671992600910911
20,short,no distraction,none,1.0,0.5897047519683838,0,0.37,0.37,4.0,4.0,1.0,1.0,1.0,1.0,0.0,-1.5638914719423753,-0.30151134457776363,0.8039740149107713,0.8039740149107713,0.0,-0.4888129019342116,-0.8914003559538186,-0.8320502943378437,-1.1355499479153377,-0.7671992600910911
20,short,no distraction,static,1.0,0.6577030897140503,0,0.36,0.36,3.0,6.0,4.0,2.0,4.0,2.0,0.0,-0.9749601095381794,-0.30151134457776363,0.677030749398544,0.677030749398544,-0.8660254037844387,0.8146881698903526,0.6367145399670133,-0.2773500981126146,0.324442842261525,-0.22564684120326203
20,short,no distraction,filtered,1.0,0.6573020458221436,0,0.37,0.37,6.0,7.0,2.0,6.0,6.0,6.0,0.0,-0.9784335374700199,-0.30151134457776363,0.8039740149107713,0.8039740149107713,1.7320508075688774,1.466438705802635,-0.382028723980208,1.9414506867883021,1.2977713690461001,1.9405628343480543
20,long,with distraction,none,1.0,0.8989120589362251,1,0.17,0.17,4.0,4.0,1.0,1.0,1.0,1.0,0.0,1.1141428241166977,3.3166247903554,-1.7348912953337707,-1.7348912953337707,0.0,-0.4888129019342116,-0.8914003559538186,-0.8320502943378437,-1.1355499479153377,-0.7671992600910911
20,long,with distraction,static,1.0,0.7658821105957031,0,0.35,0.35,5.0,6.0,3.0,4.0,5.0,3.0,0.0,-0.03802517460377503,-0.30151134457776363,0.5500874838863168,0.5500874838863168,0.8660254037844387,0.8146881698903526,0.12734290799340267,0.8320502943378437,0.8111071056538126,0.31590557768456706
20,long,with distraction,filtered,1.0,0.9185931921005248,0,0.25,0.25,6.0,7.0,2.0,6.0,5.0,6.0,0.0,1.2846004698824303,-0.30151134457776363,-0.719345171235954,-0.719345171235954,1.7320508075688774,1.466438705802635,-0.382028723980208,1.9414506867883021,0.8111071056538126,1.9405628343480543
20,long,no distraction,none,1.0,0.7194041728973388,0,0.36,0.36,4.0,4.0,1.0,1.0,1.0,1.0,0.0,-0.440569061379587,-0.30151134457776363,0.677030749398544,0.677030749398544,0.0,-0.4888129019342116,-0.8914003559538186,-0.8320502943378437,-1.1355499479153377,-0.7671992600910911
20,long,no distraction,static,1.0,0.6771919250488281,0,0.36,0.36,3.0,2.0,5.0,2.0,4.0,2.0,0.0,-0.806167948936972,-0.30151134457776363,0.677030749398544,0.677030749398544,-0.8660254037844387,-1.7923139737587759,1.146086171940624,-0.2773500981126146,0.324442842261525,-0.22564684120326203
20,long,no distraction,filtered,1.0,0.7083352565765381,0,0.22,0.22,3.0,6.0,5.0,3.0,5.0,4.0,0.0,-0.5364365808699832,-0.30151134457776363,-1.1001749677726353,-1.1001749677726353,-0.8660254037844387,0.8146881698903526,1.146086171940624,0.2773500981126146,0.8111071056538126,0.8574579965723961
21,short,with distraction,none,1.0,1.070865313212077,1,0.37,0.37,4.0,4.0,1.0,1.0,1.0,1.0,0.0,-0.05524300995265227,0.911322376865767,0.7115627119772792,0.7115627119772792,-0.9716656205775164,-1.0160010160015238,0.0,-1.2491184275364493,-1.1358152736593494,-1.3256625732150342
21,short,with distraction,static,1.0,1.0862842321395874,0,0.32,0.32,4.0,4.0,1.0,4.0,3.0,5.0,0.0,0.043958731163441636,-0.6509445549041194,-0.024536645240595577,-0.024536645240595577,-0.9716656205775164,-1.0160010160015238,0.0,0.30151134457776374,-0.08737040566610373,0.39411590014501036
21,short,with distraction,filtered,1.0,1.369299014409383,1,0.36,0.36,6.0,7.0,1.0,6.0,5.0,5.0,0.0,1.864810069363521,0.911322376865767,0.564342840533704,0.564342840533704,0.8221786020271298,1.2700012700019052,0.0,1.335264525987239,0.9610744623271419,0.39411590014501036
21,short,no distraction,none,1.0,0.946471381187439,0,0.34,0.34,4.0,4.0,1.0,1.0,1.0,1.0,0.0,-0.855564660201678,-0.6509445549041194,0.2699030976465546,0.2699030976465546,-0.9716656205775164,-1.0160010160015238,0.0,-1.2491184275364493,-1.1358152736593494,-1.3256625732150342
21,short,no distraction,static,1.0,1.008750891685486,0,0.35,0.35,7.0,7.0,1.0,5.0,5.0,6.0,0.0,-0.4548727630388306,-0.6509445549041194,0.4171229690901289,0.4171229690901289,1.719100713329453,1.2700012700019052,0.0,0.8183879352825014,0.9610744623271419,0.8240605184850215
21,short,no distraction,filtered,1.0,1.0110291719436646,0,0.35,0.35,7.0,7.0,1.0,6.0,6.0,7.0,0.0,-0.44021483731626254,-0.6509445549041194,0.4171229690901289,0.4171229690901289,1.719100713329453,1.2700012700019052,0.0,1.335264525987239,1.4852968963237647,1.2540051368250327
21,long,with distraction,none,1.0,1.3250282287597657,0,0.22,0.22,4.0,4.0,1.0,1.0,1.0,1.0,0.0,1.5799821227567274,-0.6509445549041194,-1.4967353596763453,-1.4967353596763453,-0.9716656205775164,-1.0160010160015238,0.0,-1.2491184275364493,-1.1358152736593494,-1.3256625732150342
21,long,with distraction,static,1.0,1.1834403038024903,0,0.37,0.37,5.0,5.0,1.0,3.0,3.0,5.0,0.0,0.6690383177590842,-0.6509445549041194,0.7115627119772792,0.7115627119772792,-0.07474350927519333,-0.2540002540003808,0.0,-0.21536524612697394,-0.08737040566610373,0.39411590014501036
21,long,with distraction,filtered,1.0,1.2096895694732666,0,0.36,0.36,6.0,7.0,1.0,5.0,6.0,7.0,0.0,0.8379199929142666,-0.6509445549041194,0.564342840533704,0.564342840533704,0.8221786020271298,1.2700012700019052,0.0,0.8183879352825014,1.4852968963237647,1.2540051368250327
21,long,no distraction,none,1.0,0.9080735577477348,1,0.14,0.14,4.0,4.0,1.0,1.0,1.0,1.0,0.0,-1.1026073327907895,0.911322376865767,-2.674494331224945,-2.674494331224945,-0.9716656205775164,-1.0160010160015238,0.0,-1.2491184275364493,-1.1358152736593494,-1.3256625732150342
21,long,no distraction,static,1.0,0.8527097105979919,2,0.37,0.37,5.0,5.0,1.0,3.0,4.0,6.0,0.0,-1.458805459128986,2.4735893086356535,0.7115627119772792,0.7115627119772792,-0.07474350927519333,-0.2540002540003808,0.0,-0.21536524612697394,0.4368520283305191,0.8240605184850215
21,long,no distraction,filtered,1.0,0.9817793846130372,0,0.31,0.31,5.0,6.0,1.0,5.0,2.0,4.0,0.0,-0.6284011715278404,-0.6509445549041194,-0.1717565166841707,-0.1717565166841707,-0.07474350927519333,0.5080005080007622,0.0,0.8183879352825014,-0.6115928396627266,-0.0358287181950008
